index,value
0,0.890625
1,0.89453125
2,0.875
3,0.84375
4,0.85546875
5,0.8125
6,0.8671875
7,0.953125
8,0.8828125
9,0.82421875
10,0.82421875
11,0.89453125
12,0.96875
13,0.84375
14,0.90234375
15,0.85546875
16,0.91015625
17,0.8671875
18,0.82421875
19,1.1875
20,0.90625
21,0.83203125
22,0.8515625
23,0.9375
24,0.83984375
25,0.83203125
26,0.859375
27,0.8671875
28,0.89453125
29,0.83984375
30,0.8359375
31,1.0625
32,0.91015625
33,0.875
34,0.92578125
35,0.8359375
36,0.84375
37,0.921875
38,0.8984375
39,0.87890625
40,0.921875
41,0.90234375
42,1.09375
43,1.046875
44,0.84765625
45,0.91796875
46,0.86328125
47,0.9375
48,0.9765625
49,0.95703125
50,1.25
51,0.91015625
52,0.90234375
53,0.84375
54,0.89453125
55,0.91796875
56,0.8359375
57,0.8359375
58,0.84765625
59,0.87109375
60,0.83984375
61,0.91015625
62,0.828125
63,0.87109375
64,0.84375
65,0.828125
66,0.875
67,0.86328125
68,0.8359375
69,0.95703125
70,0.8125
71,0.90234375
72,0.82421875
73,0.921875
74,0.875
75,0.84375
76,0.98828125
77,0.8984375
78,1.0234375
79,0.85546875
80,0.85546875
81,0.84765625
82,0.8359375
83,0.8671875
84,0.87109375
85,0.84765625
86,0.87890625
87,0.8671875
88,0.890625
89,0.95703125
90,1.125
91,0.8359375
92,0.859375
93,0.83984375
94,0.8671875
95,0.8828125
96,0.86328125
97,0.83203125
98,0.91796875
99,0.91796875
100,0.83984375
101,0.8515625
102,0.94140625
103,0.890625
104,0.79296875
105,0.8515625
106,0.84765625
107,0.86328125
108,0.97265625
109,0.87890625
110,0.89453125
111,0.859375
112,1.0703125
113,0.92578125
114,0.9140625
115,0.84375
116,0.8984375
117,0.8671875
118,0.859375
119,0.8359375
120,1.3359375
121,0.84765625
122,0.8125
123,0.87109375
124,0.8515625
125,0.890625
126,0.8671875
127,0.8671875
128,0.890625
129,0.82421875
130,0.86328125
131,0.890625
132,0.84765625
133,0.91796875
134,0.83984375
135,0.9296875
136,0.86328125
137,0.875
138,0.93359375
139,1.015625
140,0.88671875
141,0.921875
142,0.8671875
143,0.98046875
144,0.859375
145,1.015625
146,0.84375
147,0.875
148,1.0
149,1.265625
150,0.9140625
151,0.84765625
152,0.81640625
153,0.8203125
154,0.9140625
155,0.84765625
156,0.84765625
157,0.84765625
158,1.0625
159,1.171875
160,0.97265625
161,0.8984375
162,0.83984375
163,0.84375
164,0.90234375
165,0.8515625
166,0.9765625
167,0.83984375
168,0.84375
169,0.84765625
170,0.84375
171,0.8125
172,0.87109375
173,0.87890625
174,0.8984375
175,0.8984375
176,0.8671875
177,0.85546875
178,0.9921875
179,0.82421875
180,0.83203125
181,0.87109375
182,0.8671875
183,0.8515625
184,0.88671875
185,0.8359375
186,1.21875
187,0.96484375
188,0.84765625
189,0.84765625
190,0.9296875
191,0.87890625
192,0.98828125
193,0.921875
194,0.87890625
195,0.828125
196,0.8125
197,1.0234375
198,0.86328125
199,0.88671875
200,0.87109375
201,0.90234375
202,0.86328125
203,0.84375
204,0.85546875
205,0.91796875
206,0.90234375
207,0.97265625
208,0.85546875
209,0.84765625
210,0.8828125
211,0.84375
212,0.890625
213,0.91015625
214,0.84375
215,0.890625
216,0.84375
217,0.8515625
218,0.8671875
219,0.91015625
220,1.2890625
221,0.80078125
222,0.86328125
223,0.8671875
224,0.859375
225,0.83984375
226,0.86328125
227,0.890625
228,0.90625
229,0.99609375
230,0.859375
231,0.84375
232,0.87109375
233,0.88671875
234,0.94140625
235,0.8515625
236,0.859375
237,0.8515625
238,0.8828125
239,0.8359375
240,0.8515625
241,0.84765625
242,0.84375
243,0.859375
244,0.85546875
245,0.921875
246,0.85546875
247,0.828125
248,0.83984375
249,0.85546875
250,0.8359375
251,0.96484375
252,0.84375
253,0.953125
254,0.92578125
255,0.87109375
256,0.91796875
257,0.8671875
258,0.87890625
259,0.83203125
260,0.875
261,0.84375
262,0.86328125
263,0.83203125
264,0.85546875
265,0.8828125
266,0.88671875
267,0.84375
268,0.8828125
269,0.86328125
270,1.0546875
271,1.125
272,0.83203125
273,0.859375
274,0.9609375
275,0.9140625
276,0.84765625
277,0.9296875
278,0.87109375
279,0.890625
280,0.9140625
281,0.86328125
282,0.84375
283,0.828125
284,0.85546875
285,0.83984375
286,0.90625
287,0.98046875
288,0.8984375
289,0.8984375
290,0.85546875
291,0.8515625
292,0.8203125
293,0.85546875
294,0.8671875
295,0.90234375
296,0.83984375
297,0.83984375
298,0.84765625
299,0.8828125
300,1.2578125
301,0.9140625
302,0.81640625
303,0.84765625
304,0.87890625
305,0.828125
306,0.9140625
307,0.8984375
308,0.94140625
309,0.86328125
310,0.88671875
311,0.85546875
312,0.8359375
313,0.9296875
314,0.8203125
315,0.9921875
316,0.81640625
317,0.87109375
318,0.84765625
319,0.84375
320,0.84375
321,0.9296875
322,0.87109375
323,0.953125
324,0.90625
325,0.8515625
326,0.84375
327,0.84375
328,0.84765625
329,0.84375
330,0.86328125
331,0.89453125
332,0.87890625
333,0.87890625
334,0.92578125
335,0.984375
336,0.89453125
337,0.8515625
338,0.84765625
339,0.8203125
340,0.96875
341,1.4609375
342,0.82421875
343,0.95703125
344,0.890625
345,0.8671875
346,0.84765625
347,0.875
348,1.1875
349,0.90234375
350,0.859375
351,0.88671875
352,0.89453125
353,0.8359375
354,0.86328125
355,0.859375
356,0.8515625
357,0.81640625
358,0.87109375
359,1.0234375
360,0.90234375
361,0.8671875
362,0.8671875
363,0.84375
364,0.87109375
365,0.87890625
366,0.8515625
367,0.859375
368,0.83984375
369,0.828125
370,0.85546875
371,0.92578125
372,0.81640625
373,0.875
374,0.90625
375,0.87109375
376,0.8515625
377,0.8359375
378,0.8515625
379,0.8515625
380,0.90625
381,0.96875
382,0.83984375
383,0.94140625
384,0.97265625
385,0.875
386,0.8671875
387,0.8359375
388,0.91015625
389,0.87109375
390,0.87890625
391,1.2109375
392,0.8828125
393,0.86328125
394,0.83203125
395,0.83203125
396,0.87890625
397,0.890625
398,0.85546875
399,0.859375
400,0.8828125
401,0.984375
402,0.87109375
403,0.94140625
404,0.87109375
405,0.87109375
406,0.890625
407,0.8671875
408,1.015625
409,0.84375
410,0.90234375
411,0.85546875
412,0.82421875
413,1.0859375
414,0.8828125
415,0.89453125
416,0.84375
417,0.81640625
418,0.92578125
419,0.8515625
420,0.8671875
421,0.8203125
422,0.8984375
423,0.953125
424,0.9609375
425,0.8671875
426,1.0859375
427,0.96484375
428,0.85546875
429,0.890625
430,0.86328125
431,0.86328125
432,0.83984375
433,0.8671875
434,0.84375
435,1.046875
436,0.88671875
437,0.83984375
438,0.9296875
439,0.8828125
440,0.82421875
441,0.85546875
442,0.8828125
443,0.8828125
444,0.94921875
445,0.84765625
446,0.9140625
447,0.890625
448,0.859375
449,0.83203125
450,0.87109375
451,0.8515625
452,0.91015625
453,0.85546875
454,0.94140625
455,0.86328125
456,0.9609375
457,0.98828125
458,0.83984375
459,0.859375
460,0.85546875
461,0.90234375
462,0.890625
463,0.98046875
464,1.125
465,0.7421875
466,0.859375
467,0.84765625
468,0.83984375
469,0.9140625
470,0.87890625
471,0.8359375
472,0.84765625
473,0.8984375
474,0.8515625
475,0.94921875
476,0.83984375
477,0.84375
478,0.84765625
479,0.921875
480,0.8828125
481,0.8359375
482,0.87109375
483,1.0703125
484,1.3203125
485,0.85546875
486,0.97265625
487,0.84375
488,0.8515625
489,0.83984375
490,0.859375
491,0.93359375
492,0.91015625
493,0.85546875
494,0.94921875
495,0.8515625
496,0.828125
497,0.95703125
498,0.83203125
499,0.9296875
500,0.91015625
501,0.8359375
502,0.84375
503,0.86328125
504,0.84765625
505,0.88671875
506,0.8828125
507,0.82421875
508,0.8671875
509,0.85546875
510,0.84765625
511,0.8671875
512,0.85546875
513,0.89453125
514,1.0078125
515,0.8828125
516,0.8828125
517,0.90234375
518,1.0859375
519,0.859375
520,0.859375
521,0.87890625
522,0.84765625
523,0.83984375
524,0.890625
525,0.8359375
526,0.96484375
527,0.84375
528,0.8359375
529,0.890625
530,0.890625
531,0.88671875
532,0.875
533,0.83984375
534,0.87109375
535,0.8359375
536,0.8671875
537,0.91015625
538,0.94140625
539,0.85546875
540,0.859375
541,0.828125
542,0.87109375
543,0.84765625
544,0.8515625
545,0.84765625
546,0.95703125
547,0.85546875
548,0.8515625
549,0.90625
550,0.859375
551,0.89453125
552,1.1875
553,0.85546875
554,0.8671875
555,0.8828125
556,0.8984375
557,0.84375
558,0.83203125
559,0.8203125
560,0.9140625
561,0.89453125
562,0.8515625
563,0.83984375
564,0.875
565,0.84765625
566,0.86328125
567,0.83984375
568,0.85546875
569,0.84375
570,0.82421875
571,0.875
572,0.859375
573,0.85546875
574,0.921875
575,0.84765625
576,0.96484375
577,0.8828125
578,0.9140625
579,0.8671875
580,0.8515625
581,0.89453125
582,0.87109375
583,0.9609375
584,1.09375
585,1.3203125
586,0.890625
587,0.8515625
588,0.87890625
589,0.8671875
590,0.83203125
591,0.97265625
592,0.85546875
593,0.875
594,0.859375
595,0.85546875
596,0.85546875
597,0.87890625
598,0.828125
599,0.93359375
600,0.85546875
601,0.84375
602,0.8515625
603,0.94140625
604,0.87890625
605,0.83984375
606,0.9296875
607,0.9375
608,0.83984375
609,0.8359375
610,0.859375
611,0.859375
612,0.91796875
613,0.8984375
614,0.84765625
615,0.85546875
616,0.859375
617,0.859375
618,0.97265625
619,0.984375
620,0.8359375
621,0.875
622,0.91796875
623,0.8515625
624,0.859375
625,0.94921875
626,0.85546875
627,0.8515625
628,0.8359375
629,0.86328125
630,0.85546875
631,0.84765625
632,0.875
633,0.90625
634,0.8671875
635,0.82421875
636,0.83984375
637,0.875
638,0.83984375
639,0.87890625
640,0.85546875
641,1.0390625
642,0.97265625
643,0.87109375
644,0.87890625
645,0.890625
646,0.8828125
647,0.8671875
648,0.85546875
649,1.1015625
650,0.8671875
651,0.89453125
652,0.84765625
653,0.84765625
654,0.96484375
655,0.875
656,0.80859375
657,0.87109375
658,0.98046875
659,0.93359375
660,0.9296875
661,0.8984375
662,0.8515625
663,0.85546875
664,0.953125
665,0.859375
666,0.90625
667,0.9375
668,0.89453125
669,0.890625
670,0.8671875
671,0.828125
672,1.3125
673,0.85546875
674,0.85546875
675,1.21875
676,0.87109375
677,0.8125
678,0.88671875
679,0.890625
680,0.84375
681,0.88671875
682,0.87109375
683,0.8515625
684,0.8984375
685,0.84375
686,0.859375
687,0.875
688,0.84765625
689,0.94921875
690,1.671875
691,0.88671875
692,0.80859375
693,0.84765625
694,0.89453125
695,0.83203125
696,0.83984375
697,0.86328125
698,0.8359375
699,0.84765625
700,0.8828125
701,0.8203125
702,0.953125
703,0.828125
704,0.859375
705,0.875
706,0.84375
707,0.890625
708,0.8515625
709,0.859375
710,2.0
711,1.5234375
712,0.84765625
713,0.84375
714,0.8203125
715,0.86328125
716,0.85546875
717,0.87890625
718,0.8515625
719,0.921875
720,0.9609375
721,0.8671875
722,0.83984375
723,0.921875
724,0.84765625
725,0.98046875
726,0.828125
727,0.875
728,0.84375
729,1.0234375
730,0.9765625
731,0.85546875
732,0.85546875
733,0.98828125
734,0.83984375
735,0.875
736,0.84765625
737,0.90625
738,0.90234375
739,0.87109375
740,0.89453125
741,0.94140625
742,0.87890625
743,0.84375
744,0.83203125
745,1.0703125
746,0.91796875
747,0.8671875
748,1.1640625
749,0.82421875
750,0.8828125
751,1.03125
752,1.1796875
753,0.953125
754,1.0625
755,0.83984375
756,0.859375
757,0.87109375
758,0.8359375
759,0.89453125
760,0.8671875
761,0.85546875
762,0.859375
763,0.82421875
764,0.83984375
765,0.87890625
766,0.87109375
767,0.96484375
768,0.875
769,0.859375
770,0.88671875
771,0.828125
772,0.84765625
773,1.0234375
774,0.8203125
775,0.83984375
776,0.83984375
777,0.83984375
778,0.98046875
779,0.9140625
780,0.828125
781,0.89453125
782,0.88671875
783,0.875
784,0.8359375
785,0.859375
786,0.91015625
787,0.88671875
788,0.84375
789,0.85546875
790,1.109375
791,0.875
792,0.8984375
793,0.83984375
794,0.9296875
795,0.9296875
796,0.8359375
797,0.82421875
798,0.8359375
799,0.84765625
800,0.9375
801,0.86328125
802,0.984375
803,0.85546875
804,0.83203125
805,0.8359375
806,0.81640625
807,0.8828125
808,0.83984375
809,0.9140625
810,0.8515625
811,0.828125
812,0.90625
813,1.015625
814,0.828125
815,0.8046875
816,0.859375
817,0.85546875
818,0.859375
819,0.87890625
820,1.4296875
821,0.91015625
822,0.85546875
823,0.84375
824,0.86328125
825,0.875
826,0.88671875
827,0.86328125
828,0.98046875
829,0.890625
830,0.8515625
831,0.83203125
832,0.87890625
833,0.859375
834,0.83203125
835,0.921875
836,0.83984375
837,0.85546875
838,0.9296875
839,0.84765625
840,0.84375
841,0.984375
842,0.93359375
843,0.90625
844,0.90625
845,0.88671875
846,0.9140625
847,0.84765625
848,0.875
849,0.86328125
850,0.85546875
851,0.8515625
852,0.8515625
853,0.85546875
854,0.82421875
855,1.1640625
856,0.859375
857,0.8515625
858,1.2578125
859,0.89453125
860,0.85546875
861,0.87109375
862,0.94140625
863,0.8671875
864,0.85546875
865,1.03125
866,0.84765625
867,1.1875
868,0.99609375
869,0.8359375
870,0.83984375
871,0.88671875
872,0.8515625
873,0.9375
874,0.84765625
875,0.84765625
876,0.83984375
877,0.8828125
878,1.0546875
879,0.86328125
880,0.85546875
881,0.8671875
882,0.88671875
883,0.8515625
884,0.87109375
885,0.84375
886,0.81640625
887,0.8515625
888,0.9140625
889,0.83984375
890,0.84765625
891,0.87109375
892,0.890625
893,0.89453125
894,0.875
895,0.94140625
896,0.85546875
897,0.98828125
898,0.8828125
899,0.83984375
900,0.81640625
901,0.875
902,0.86328125
903,1.1171875
904,1.03125
905,0.8515625
906,0.90625
907,0.9296875
908,0.890625
909,0.83984375
910,0.96875
911,0.87890625
912,0.85546875
913,0.82421875
914,0.95703125
915,0.83203125
916,0.8671875
917,0.86328125
918,0.81640625
919,0.8671875
920,1.1328125
921,0.859375
922,0.875
923,0.88671875
924,0.859375
925,0.93359375
926,0.83203125
927,0.85546875
928,0.875
929,0.85546875
930,0.859375
931,0.84765625
932,0.8359375
933,0.87890625
934,0.91796875
935,0.828125
936,1.015625
937,0.92578125
938,0.83984375
939,0.86328125
940,0.89453125
941,0.92578125
942,0.890625
943,0.91796875
944,0.875
945,0.86328125
946,0.98046875
947,0.86328125
948,0.81640625
949,0.8515625
950,0.859375
951,0.8515625
952,0.890625
953,0.8984375
954,1.140625
955,0.81640625
956,0.8515625
957,0.84375
958,1.203125
959,0.83984375
960,0.84375
961,0.87890625
962,0.83203125
963,0.8671875
964,0.83984375
965,1.09375
966,0.91796875
967,0.875
968,0.87890625
969,0.92578125
970,1.2265625
971,0.87109375
972,1.0390625
973,0.875
974,0.8515625
975,0.8671875
976,0.796875
977,0.95703125
978,0.8984375
979,0.94921875
980,0.85546875
981,0.8359375
982,1.1171875
983,0.8984375
984,0.96484375
985,0.96875
986,0.875
987,0.8515625
988,0.85546875
989,0.8359375
990,0.859375
991,0.85546875
992,0.8515625
993,0.875
994,0.9765625
995,0.90234375
996,0.93359375
997,0.875
998,0.83203125
999,1.0
1000,0.91796875
1001,1.1875
1002,0.8828125
1003,0.85546875
1004,0.87109375
1005,1.015625
1006,0.82421875
1007,0.8984375
1008,0.859375
1009,1.6796875
1010,0.85546875
1011,0.84375
1012,1.125
1013,0.83984375
1014,0.87109375
1015,0.828125
1016,0.89453125
1017,0.84765625
1018,1.171875
1019,0.8515625
1020,1.0
1021,0.890625
1022,0.96484375
1023,0.87890625
1024,0.87890625
1025,0.859375
1026,0.92578125
1027,0.875
1028,0.8515625
1029,0.89453125
1030,0.9296875
1031,0.95703125
1032,0.875
1033,0.8828125
1034,0.9921875
1035,0.83203125
1036,0.81640625
1037,0.8046875
1038,0.85546875
1039,0.8828125
1040,0.89453125
1041,0.84375
1042,0.921875
1043,0.88671875
1044,0.86328125
1045,0.83984375
1046,0.828125
1047,0.89453125
1048,0.8671875
1049,0.859375
1050,0.8984375
1051,0.83984375
1052,0.828125
1053,0.83203125
1054,0.88671875
1055,0.8671875
1056,0.8359375
1057,0.890625
1058,0.8671875
1059,0.9296875
1060,0.9140625
1061,0.85546875
1062,0.83984375
1063,0.8671875
1064,0.94140625
1065,0.859375
1066,0.8515625
1067,0.9765625
1068,0.9296875
1069,0.92578125
1070,0.8828125
1071,0.86328125
1072,0.84765625
1073,0.8671875
1074,0.8359375
1075,1.046875
1076,0.890625
1077,1.28125
1078,0.875
1079,0.86328125
1080,0.88671875
1081,0.828125
1082,0.859375
1083,0.8515625
1084,0.953125
1085,0.90625
1086,0.95703125
1087,0.85546875
1088,0.87890625
1089,0.89453125
1090,1.140625
1091,0.87890625
1092,0.8515625
1093,0.8671875
1094,0.84375
1095,0.84375
1096,0.8828125
1097,0.84765625
1098,0.92578125
1099,0.81640625
1100,0.87890625
1101,0.86328125
1102,0.85546875
1103,0.8828125
1104,0.84765625
1105,0.8671875
1106,0.828125
1107,0.8125
1108,1.1328125
1109,0.84375
1110,0.8671875
1111,1.09375
1112,0.90234375
1113,0.8671875
1114,0.8359375
1115,1.1171875
1116,0.875
1117,0.828125
1118,0.8125
1119,0.8515625
1120,0.88671875
1121,0.84765625
1122,0.84375
1123,0.84765625
1124,0.8671875
1125,0.9375
1126,0.921875
1127,0.91015625
1128,0.83984375
1129,0.96875
1130,0.93359375
1131,0.94921875
1132,0.83984375
1133,0.8203125
1134,0.8984375
1135,0.80078125
1136,0.84375
1137,0.92578125
1138,1.0703125
1139,0.83203125
1140,1.21875
1141,0.87890625
1142,0.84375
1143,0.89453125
1144,0.83984375
1145,1.015625
1146,0.90625
1147,0.828125
1148,0.83203125
1149,0.859375
1150,0.875
1151,0.90234375
1152,3.8125
1153,0.87109375
1154,0.94921875
1155,0.87109375
1156,0.8359375
1157,0.87890625
1158,0.93359375
1159,1.0390625
1160,0.859375
1161,0.83984375
1162,0.875
1163,0.8515625
1164,1.140625
1165,0.8671875
1166,0.88671875
1167,0.86328125
1168,1.0
1169,0.8203125
1170,0.859375
1171,1.0078125
1172,0.83984375
1173,0.83984375
1174,0.93359375
1175,0.8828125
1176,0.84375
1177,0.85546875
1178,0.80078125
1179,0.859375
1180,0.8125
1181,0.89453125
1182,0.87890625
1183,1.0625
1184,0.83203125
1185,0.84765625
1186,0.84375
1187,0.890625
1188,0.828125
1189,0.99609375
1190,0.875
1191,0.890625
1192,0.8828125
1193,0.8515625
1194,1.0078125
1195,0.84765625
1196,0.8046875
1197,0.875
1198,0.87109375
1199,0.87109375
1200,0.87109375
1201,0.8515625
1202,0.9921875
1203,0.859375
1204,0.8359375
1205,0.83984375
1206,0.98046875
1207,0.87109375
1208,0.828125
1209,0.9375
1210,0.84765625
1211,0.91015625
1212,0.86328125
1213,0.8359375
1214,0.97265625
1215,0.87109375
1216,1.0078125
1217,0.88671875
1218,0.87890625
1219,0.8359375
1220,0.8671875
1221,0.890625
1222,0.8515625
1223,0.88671875
1224,0.8515625
1225,0.8671875
1226,0.8984375
1227,0.8515625
1228,0.84765625
1229,0.8359375
1230,0.8984375
1231,0.8359375
1232,0.94140625
1233,0.9453125
1234,0.9375
1235,0.96875
1236,1.15625
1237,0.8359375
1238,0.85546875
1239,0.859375
1240,0.8359375
1241,0.88671875
1242,0.8671875
1243,0.8515625
1244,0.87890625
1245,0.90234375
1246,0.875
1247,0.92578125
1248,0.83984375
1249,0.85546875
1250,0.9453125
1251,0.8671875
1252,0.83984375
1253,1.0546875
1254,0.88671875
1255,0.8671875
1256,0.859375
1257,0.9609375
1258,0.97265625
1259,0.91796875
1260,0.84765625
1261,0.89453125
1262,0.8515625
1263,0.9140625
1264,0.8515625
1265,0.98828125
1266,0.8359375
1267,0.8359375
1268,0.8828125
1269,0.875
1270,0.828125
1271,0.8828125
1272,0.859375
1273,0.84765625
1274,0.92578125
1275,0.84765625
1276,0.85546875
1277,0.88671875
1278,0.84765625
1279,0.875
1280,0.859375
1281,0.859375
1282,0.85546875
1283,0.87890625
1284,0.859375
1285,0.82421875
1286,0.9453125
1287,0.8359375
1288,0.8515625
1289,1.0078125
1290,0.92578125
1291,0.8984375
1292,1.03125
1293,0.84765625
1294,0.93359375
1295,0.921875
1296,1.1953125
1297,0.91796875
1298,0.94140625
1299,1.0546875
1300,0.87890625
1301,0.8828125
1302,0.82421875
1303,0.87109375
1304,0.83984375
1305,0.94140625
1306,2.40625
1307,0.94921875
1308,0.89453125
1309,0.93359375
1310,0.87890625
1311,0.85546875
1312,0.81640625
1313,0.8671875
1314,0.80859375
1315,0.84375
1316,0.84765625
1317,0.88671875
1318,0.84375
1319,0.80859375
1320,0.859375
1321,0.8515625
1322,0.87109375
1323,0.89453125
1324,0.84765625
1325,0.875
1326,0.86328125
1327,0.95703125
1328,0.8515625
1329,0.9375
1330,0.84375
1331,0.84375
1332,0.84765625
1333,0.875
1334,1.0390625
1335,0.8671875
1336,0.86328125
1337,0.87109375
1338,0.8671875
1339,1.1484375
1340,1.1953125
1341,0.8671875
1342,0.87109375
1343,0.80078125
1344,0.8359375
1345,0.8515625
1346,0.90625
1347,0.83203125
1348,0.83203125
1349,0.8671875
1350,0.83984375
1351,0.87109375
1352,0.85546875
1353,0.88671875
1354,0.921875
1355,0.85546875
1356,0.8671875
1357,0.86328125
1358,0.984375
1359,1.1640625
1360,0.88671875
1361,0.8515625
1362,0.86328125
1363,0.81640625
1364,0.80859375
1365,0.90234375
1366,0.8984375
1367,0.84375
1368,0.84375
1369,0.83203125
1370,0.8515625
1371,0.83984375
1372,0.87890625
1373,0.83203125
1374,0.8828125
1375,0.86328125
1376,0.63671875
1377,0.84765625
1378,0.89453125
1379,0.83984375
1380,0.890625
1381,0.85546875
1382,0.8203125
1383,0.8828125
1384,0.84765625
1385,0.95703125
1386,0.828125
1387,0.875
1388,1.265625
1389,0.89453125
1390,0.84375
1391,0.78125
1392,0.890625
1393,1.3359375
1394,0.8359375
1395,0.87890625
1396,1.0234375
1397,0.9375
1398,0.859375
1399,0.86328125
1400,0.94140625
1401,0.8515625
1402,1.1484375
1403,0.85546875
1404,1.0546875
1405,0.8828125
1406,0.83203125
1407,0.8359375
1408,1.203125
1409,0.890625
1410,0.87890625
1411,0.8359375
1412,0.93359375
1413,0.87109375
1414,0.859375
1415,0.8515625
1416,0.83203125
1417,0.81640625
1418,0.83984375
1419,0.89453125
1420,0.89453125
1421,0.84375
1422,0.89453125
1423,1.15625
1424,0.95703125
1425,0.83984375
1426,0.96875
1427,0.84765625
1428,1.0703125
1429,0.87109375
1430,0.90234375
1431,0.8671875
1432,0.8359375
1433,0.9296875
1434,0.86328125
1435,0.91015625
1436,0.91796875
1437,0.8828125
1438,0.86328125
1439,0.8671875
1440,0.8515625
1441,0.8828125
1442,0.94921875
1443,0.875
1444,0.921875
1445,0.8828125
1446,0.890625
1447,0.8515625
1448,0.91796875
1449,0.86328125
1450,0.91015625
1451,0.859375
1452,0.94140625
1453,0.8984375
1454,0.96875
1455,0.9375
1456,0.89453125
1457,1.109375
1458,0.828125
1459,0.90234375
1460,0.9296875
1461,0.83203125
1462,0.86328125
1463,0.953125
1464,0.90625
1465,0.890625
1466,0.828125
1467,1.0
1468,0.85546875
1469,0.87890625
1470,0.88671875
1471,0.81640625
1472,0.85546875
1473,0.87890625
1474,0.953125
1475,0.87890625
1476,0.9765625
1477,0.85546875
1478,0.8671875
1479,0.859375
1480,0.828125
1481,0.8359375
1482,0.8515625
1483,0.86328125
1484,0.87890625
1485,1.0390625
1486,0.84765625
1487,0.95703125
1488,0.8515625
1489,0.83984375
1490,1.078125
1491,1.3046875
1492,0.89453125
1493,0.859375
1494,0.93359375
1495,0.83984375
1496,0.84765625
1497,0.85546875
1498,0.83203125
1499,0.88671875
1500,0.89453125
1501,0.8515625
1502,0.859375
1503,0.85546875
1504,0.90234375
1505,0.8359375
1506,1.125
1507,0.93359375
1508,0.8671875
1509,0.8515625
1510,0.859375
1511,0.859375
1512,0.83203125
1513,0.80078125
1514,0.828125
1515,0.9296875
1516,0.89453125
1517,0.83203125
1518,0.84765625
1519,0.86328125
1520,0.8515625
1521,0.90625
1522,0.84375
1523,0.9375
1524,0.8515625
1525,0.859375
1526,0.85546875
1527,0.88671875
1528,1.296875
1529,0.88671875
1530,0.9296875
1531,0.92578125
1532,1.046875
1533,0.86328125
1534,0.86328125
1535,0.84765625
1536,0.8671875
1537,0.8359375
1538,0.84375
1539,0.98828125
1540,0.83984375
1541,0.984375
1542,1.046875
1543,0.88671875
1544,0.95703125
1545,0.86328125
1546,0.87890625
1547,0.8515625
1548,0.828125
1549,0.8359375
1550,0.83984375
1551,0.9765625
1552,0.859375
1553,1.1171875
1554,0.84375
1555,0.94140625
1556,0.921875
1557,0.8828125
1558,0.84375
1559,0.9296875
1560,0.953125
1561,0.8515625
1562,0.92578125
1563,0.85546875
1564,0.8671875
1565,0.92578125
1566,0.89453125
1567,0.828125
1568,0.86328125
1569,0.8359375
1570,1.1484375
1571,0.83984375
1572,0.8359375
1573,0.91015625
1574,1.0390625
1575,0.85546875
1576,0.83984375
1577,1.1953125
1578,0.8515625
1579,0.92578125
1580,0.8984375
1581,1.0390625
1582,0.90625
1583,0.85546875
1584,0.85546875
1585,1.2578125
1586,0.84765625
1587,0.875
1588,0.76171875
1589,0.8515625
1590,0.9140625
1591,0.8515625
1592,0.81640625
1593,0.8203125
1594,0.86328125
1595,0.94140625
1596,0.8671875
1597,0.82421875
1598,0.8359375
1599,3.4375
1600,0.90625
1601,0.94140625
1602,0.83203125
1603,0.8671875
1604,0.91015625
1605,0.9765625
1606,0.8984375
1607,0.85546875
1608,1.0234375
1609,0.87109375
1610,1.5390625
1611,0.94140625
1612,0.8671875
1613,0.8984375
1614,0.93359375
1615,1.0234375
1616,0.86328125
1617,0.8515625
1618,0.86328125
1619,0.95703125
1620,0.83203125
1621,1.1875
1622,0.9375
1623,0.890625
1624,0.87890625
1625,0.9453125
1626,0.88671875
1627,0.86328125
1628,1.0078125
1629,0.8828125
1630,0.84765625
1631,0.859375
1632,0.8671875
1633,0.9453125
1634,1.0390625
1635,0.81640625
1636,0.86328125
1637,0.84765625
1638,0.859375
1639,0.88671875
1640,1.1328125
1641,0.90234375
1642,0.83203125
1643,0.828125
1644,0.9921875
1645,0.8515625
1646,0.98828125
1647,0.8671875
1648,0.84765625
1649,0.84765625
1650,0.85546875
1651,0.859375
1652,0.8828125
1653,0.9609375
1654,0.8359375
1655,0.859375
1656,0.85546875
1657,0.87890625
1658,0.953125
1659,0.921875
1660,0.8515625
1661,0.83984375
1662,1.1796875
1663,0.94921875
1664,0.85546875
1665,0.87890625
1666,0.8359375
1667,0.859375
1668,0.86328125
1669,1.0
1670,0.953125
1671,0.9453125
1672,0.8046875
1673,0.828125
1674,0.85546875
1675,0.859375
1676,0.82421875
1677,1.0390625
1678,0.91796875
1679,0.91796875
1680,0.82421875
1681,0.8828125
1682,1.6640625
1683,0.859375
1684,0.875
1685,0.8359375
1686,0.9375
1687,0.83984375
1688,0.84765625
1689,0.8984375
1690,0.86328125
1691,0.953125
1692,1.0078125
1693,0.91796875
1694,0.93359375
1695,0.8515625
1696,0.92578125
1697,0.84765625
1698,0.87890625
1699,1.2890625
1700,0.84765625
1701,0.8515625
1702,0.88671875
1703,0.85546875
1704,0.8671875
1705,0.84375
1706,0.8515625
1707,0.80859375
1708,0.8984375
1709,0.8359375
1710,0.94921875
1711,0.83984375
1712,0.9609375
1713,0.90234375
1714,0.91796875
1715,0.83203125
1716,0.89453125
1717,0.8515625
1718,0.8828125
1719,0.83984375
1720,0.8359375
1721,0.90625
1722,0.85546875
1723,0.84765625
1724,1.2734375
1725,0.8359375
1726,0.953125
1727,0.85546875
1728,0.828125
1729,0.828125
1730,0.8984375
1731,0.875
1732,0.86328125
1733,0.9296875
1734,0.828125
1735,0.921875
1736,0.87109375
1737,1.03125
1738,0.8515625
1739,0.96484375
1740,0.84375
1741,0.93359375
1742,0.9609375
1743,0.87890625
1744,0.859375
1745,0.9140625
1746,0.890625
1747,0.8359375
1748,0.85546875
1749,0.828125
1750,0.953125
1751,0.86328125
1752,0.90234375
1753,0.8828125
1754,0.8828125
1755,0.84375
1756,0.859375
1757,0.86328125
1758,0.84375
1759,0.84375
1760,0.83984375
1761,0.8671875
1762,0.8359375
1763,1.0078125
1764,0.86328125
1765,0.86328125
1766,0.859375
1767,0.94921875
1768,0.90234375
1769,0.875
1770,0.83984375
1771,0.87890625
1772,0.84765625
1773,0.8515625
1774,0.875
1775,0.86328125
1776,0.85546875
1777,0.83203125
1778,0.859375
1779,0.875
1780,1.0
1781,0.96875
1782,0.96875
1783,0.80078125
1784,0.96875
1785,0.8671875
1786,0.8359375
1787,0.87109375
1788,0.88671875
1789,0.87890625
1790,1.3046875
1791,0.83203125
1792,0.87890625
1793,0.87890625
1794,0.83984375
1795,0.86328125
1796,0.85546875
1797,0.92578125
1798,0.83984375
1799,0.875
1800,1.171875
1801,0.8828125
1802,0.9296875
1803,0.81640625
1804,0.84375
1805,0.859375
1806,0.96875
1807,0.85546875
1808,0.8515625
1809,0.83984375
1810,0.828125
1811,1.3515625
1812,0.8359375
1813,0.84375
1814,0.8125
1815,0.84375
1816,0.88671875
1817,1.28125
1818,0.84765625
1819,0.859375
1820,0.92578125
1821,0.85546875
1822,0.921875
1823,0.85546875
1824,0.87109375
1825,0.8515625
1826,0.88671875
1827,1.34375
1828,0.83984375
1829,0.88671875
1830,1.0546875
1831,0.8515625
1832,0.92578125
1833,1.0546875
1834,0.8671875
1835,0.82421875
1836,0.84765625
1837,1.03125
1838,0.86328125
1839,0.9140625
1840,0.890625
1841,0.82421875
1842,1.2578125
1843,0.83984375
1844,0.90234375
1845,0.9609375
1846,0.83984375
1847,0.87109375
1848,0.81640625
1849,0.8515625
1850,0.9453125
1851,0.85546875
1852,0.8671875
1853,0.8671875
1854,0.828125
1855,0.85546875
1856,0.8359375
1857,0.8359375
1858,0.859375
1859,0.84765625
1860,0.8984375
1861,0.890625
1862,0.89453125
1863,0.953125
1864,0.828125
1865,0.875
1866,0.89453125
1867,0.94140625
1868,0.88671875
1869,1.4453125
1870,0.90234375
1871,0.83203125
1872,0.91796875
1873,0.9140625
1874,0.83203125
1875,0.95703125
1876,0.83984375
1877,0.859375
1878,0.8359375
1879,0.8671875
1880,0.82421875
1881,0.9140625
1882,0.9453125
1883,0.87109375
1884,0.8515625
1885,0.9140625
1886,0.81640625
1887,0.87890625
1888,0.86328125
1889,0.9609375
1890,1.28125
1891,0.8828125
1892,0.85546875
1893,0.875
1894,0.8359375
1895,0.859375
1896,0.875
1897,0.86328125
1898,0.85546875
1899,0.8515625
1900,0.83984375
1901,0.859375
1902,0.87109375
1903,0.84375
1904,0.8125
1905,0.796875
1906,0.87109375
1907,0.921875
1908,0.859375
1909,0.86328125
1910,0.8515625
1911,0.8515625
1912,0.94921875
1913,1.0234375
1914,0.85546875
1915,0.9453125
1916,0.97265625
1917,0.85546875
1918,0.80859375
1919,0.890625
1920,0.85546875
1921,0.8984375
1922,0.84375
1923,1.0390625
1924,0.84765625
1925,0.828125
1926,1.2890625
1927,0.8828125
1928,0.828125
1929,0.97265625
1930,0.859375
1931,0.8359375
1932,0.875
1933,0.859375
1934,0.90234375
1935,0.82421875
1936,1.21875
1937,0.84765625
1938,0.921875
1939,0.828125
1940,0.8515625
1941,0.8125
1942,0.84375
1943,0.8359375
1944,0.8671875
1945,0.83203125
1946,0.890625
1947,0.8359375
1948,0.8515625
1949,0.83984375
1950,0.8671875
1951,0.890625
1952,0.8515625
1953,0.84375
1954,0.90625
1955,0.890625
1956,0.91015625
1957,0.9140625
1958,0.859375
1959,0.921875
1960,0.84765625
1961,0.8671875
1962,0.89453125
1963,0.83984375
1964,0.87109375
1965,0.83203125
1966,0.8515625
1967,0.88671875
1968,0.859375
1969,0.875
1970,0.90234375
1971,0.85546875
1972,0.8515625
1973,0.890625
1974,0.8515625
1975,0.84765625
1976,0.8359375
1977,0.94921875
1978,0.98828125
1979,0.85546875
1980,0.88671875
1981,1.34375
1982,0.84375
1983,0.85546875
1984,0.89453125
1985,0.859375
1986,0.921875
1987,0.8359375
1988,0.8515625
1989,0.8828125
1990,0.8671875
1991,0.8671875
1992,0.87109375
1993,0.8515625
1994,0.890625
1995,0.8359375
1996,1.046875
1997,0.8515625
1998,0.88671875
1999,0.83203125
2000,0.86328125
2001,0.8515625
2002,0.84375
2003,0.82421875
2004,0.8671875
2005,0.87109375
2006,0.8671875
2007,0.8515625
2008,0.9453125
2009,1.109375
2010,1.3359375
2011,1.25
2012,0.85546875
2013,0.83984375
2014,0.83203125
2015,0.9296875
2016,0.82421875
2017,0.85546875
2018,0.87109375
2019,0.97265625
2020,0.84375
2021,0.93359375
2022,0.85546875
2023,0.86328125
2024,0.8671875
2025,0.83984375
2026,0.91015625
2027,0.84375
2028,0.828125
2029,0.83203125
2030,0.91796875
2031,0.91796875
2032,0.92578125
2033,0.86328125
2034,0.8984375
2035,0.85546875
2036,0.90625
2037,0.921875
2038,1.1875
2039,0.9296875
2040,1.0
2041,0.94921875
2042,0.90234375
2043,0.84375
2044,0.8359375
2045,0.86328125
2046,0.8203125
2047,0.90234375
2048,0.9296875
2049,0.875
2050,0.8671875
2051,0.83203125
2052,0.828125
2053,0.85546875
2054,0.88671875
2055,0.8515625
2056,0.84765625
2057,0.8515625
2058,0.86328125
2059,0.74609375
2060,0.8671875
2061,0.89453125
2062,0.92578125
2063,0.921875
2064,0.890625
2065,0.87109375
2066,0.87109375
2067,0.8671875
2068,0.85546875
2069,0.85546875
2070,0.89453125
2071,0.97265625
2072,0.95703125
2073,1.0234375
2074,0.8359375
2075,0.83984375
2076,0.87890625
2077,0.84765625
2078,0.921875
2079,0.859375
2080,0.87109375
2081,0.9375
2082,0.9140625
2083,0.84765625
2084,0.94921875
2085,0.95703125
2086,0.91796875
2087,0.90625
2088,0.89453125
2089,0.890625
2090,0.92578125
2091,0.82421875
2092,0.890625
2093,0.80859375
2094,0.8671875
2095,0.8359375
2096,0.87109375
2097,0.5078125
2098,0.9453125
2099,0.828125
2100,0.85546875
2101,0.82421875
2102,0.8515625
2103,0.8828125
2104,0.87890625
2105,0.83203125
2106,0.8359375
2107,0.8515625
2108,0.828125
2109,0.83984375
2110,0.94140625
2111,0.9453125
2112,0.82421875
2113,0.84765625
2114,0.88671875
2115,0.85546875
2116,0.86328125
2117,0.88671875
2118,0.82421875
2119,0.8515625
2120,0.84375
2121,0.97265625
2122,0.859375
2123,0.828125
2124,0.8359375
2125,0.8125
2126,0.84765625
2127,0.94140625
2128,0.87890625
2129,0.87109375
2130,0.87890625
2131,0.86328125
2132,0.8515625
2133,0.84375
2134,0.98046875
2135,0.87109375
2136,1.171875
2137,1.0859375
2138,0.83984375
2139,0.87890625
2140,0.84765625
2141,0.8359375
2142,0.88671875
2143,0.8203125
2144,0.8125
2145,0.890625
2146,0.87890625
2147,0.8671875
2148,0.8515625
2149,0.83984375
2150,0.95703125
2151,0.890625
2152,1.0078125
2153,0.9453125
2154,0.8359375
2155,0.875
2156,0.84765625
2157,0.8359375
2158,0.86328125
2159,0.93359375
2160,0.82421875
2161,0.890625
2162,0.84375
2163,0.86328125
2164,0.86328125
2165,0.8359375
2166,0.8828125
2167,0.875
2168,0.83984375
2169,0.875
2170,0.8984375
2171,0.96484375
2172,0.97265625
2173,0.8515625
2174,0.92578125
2175,0.83984375
2176,0.9296875
2177,0.828125
2178,0.84765625
2179,0.83984375
2180,0.94921875
2181,0.85546875
2182,1.484375
2183,1.2109375
2184,0.890625
2185,0.8515625
2186,0.984375
2187,0.875
2188,0.828125
2189,0.953125
2190,0.84765625
2191,0.8046875
2192,0.90625
2193,0.83984375
2194,0.88671875
2195,0.83984375
2196,0.953125
2197,0.85546875
2198,0.890625
2199,0.91796875
2200,0.83984375
2201,0.8671875
2202,0.85546875
2203,0.9140625
2204,1.015625
2205,0.98828125
2206,0.87890625
2207,0.8984375
2208,0.84765625
2209,1.171875
2210,0.90234375
2211,0.89453125
2212,0.8515625
2213,1.234375
2214,0.84765625
2215,0.8125
2216,0.87890625
2217,0.83984375
2218,0.88671875
2219,1.0
2220,0.859375
2221,0.8515625
2222,0.86328125
2223,0.87109375
2224,0.84765625
2225,0.8671875
2226,0.8359375
2227,0.87890625
2228,0.9375
2229,0.8359375
2230,0.8671875
2231,0.82421875
2232,0.89453125
2233,0.875
2234,0.86328125
2235,0.8671875
2236,0.9140625
2237,0.91015625
2238,0.85546875
2239,0.87890625
2240,0.83984375
2241,0.859375
2242,0.90234375
2243,0.953125
2244,0.859375
2245,0.89453125
2246,0.95703125
2247,0.84765625
2248,0.8359375
2249,0.98046875
2250,0.84765625
2251,0.79296875
2252,0.890625
2253,0.94921875
2254,0.953125
2255,0.89453125
2256,0.921875
2257,0.8359375
2258,0.9921875
2259,0.9140625
2260,0.96875
2261,0.87890625
2262,0.84375
2263,0.84765625
2264,0.83203125
2265,1.0078125
2266,0.87109375
2267,0.82421875
2268,0.8671875
2269,0.95703125
2270,0.85546875
2271,0.84375
2272,0.93359375
2273,1.0078125
2274,0.87890625
2275,0.8984375
2276,1.078125
2277,1.2578125
2278,0.8203125
2279,0.84375
2280,0.9375
2281,0.875
2282,0.85546875
2283,0.94921875
2284,0.8828125
2285,0.875
2286,0.8671875
2287,0.92578125
2288,0.87109375
2289,0.85546875
2290,0.86328125
2291,0.8359375
2292,0.98828125
2293,0.9140625
2294,0.9296875
2295,0.84375
2296,0.9140625
2297,0.90234375
2298,0.875
2299,0.83984375
2300,0.8671875
2301,0.8671875
2302,0.94921875
2303,0.80859375
2304,0.8359375
2305,0.84765625
2306,1.2265625
2307,0.98828125
2308,0.86328125
2309,0.95703125
2310,0.90234375
2311,0.79296875
2312,0.8515625
2313,1.2109375
2314,0.97265625
2315,0.9375
2316,0.8828125
2317,0.90625
2318,0.8359375
2319,0.83984375
2320,0.86328125
2321,0.875
2322,0.859375
2323,1.1875
2324,0.86328125
2325,0.8515625
2326,0.8359375
2327,1.015625
2328,0.84765625
2329,0.9296875
2330,0.984375
2331,0.8671875
2332,0.84375
2333,0.859375
2334,0.87109375
2335,0.8359375
2336,0.859375
2337,0.83203125
2338,1.1015625
2339,0.8515625
2340,0.82421875
2341,0.86328125
2342,1.359375
2343,0.92578125
2344,0.85546875
2345,0.8828125
2346,0.86328125
2347,0.87109375
2348,0.85546875
2349,0.859375
2350,0.8515625
2351,0.8359375
2352,0.8671875
2353,0.83984375
2354,0.8359375
2355,0.83203125
2356,0.8828125
2357,0.90234375
2358,0.90234375
2359,0.8671875
2360,0.89453125
2361,0.86328125
2362,0.84375
2363,0.83203125
2364,0.84765625
2365,0.84375
2366,0.83984375
2367,0.8671875
2368,0.86328125
2369,0.84375
2370,0.81640625
2371,1.234375
2372,0.921875
2373,0.90234375
2374,0.828125
2375,0.84765625
2376,0.87109375
2377,0.83984375
2378,0.828125
2379,0.8203125
2380,0.8515625
2381,0.8515625
2382,0.84375
2383,0.90625
2384,0.85546875
2385,0.8359375
2386,0.84765625
2387,0.83984375
2388,0.98828125
2389,0.89453125
2390,0.84765625
2391,0.84765625
2392,0.96484375
2393,0.91015625
2394,0.83984375
2395,0.83203125
2396,0.94921875
2397,1.5
2398,0.890625
2399,0.8359375
2400,0.890625
2401,0.87890625
2402,0.87109375
2403,0.83984375
2404,0.9375
2405,0.859375
2406,1.0390625
2407,0.890625
2408,0.8984375
2409,0.84765625
2410,0.8359375
2411,0.8828125
2412,0.8828125
2413,0.828125
2414,0.80859375
2415,0.83203125
2416,0.875
2417,0.8515625
2418,0.890625
2419,0.8515625
2420,0.8515625
2421,0.875
2422,1.1796875
2423,0.8671875
2424,1.4296875
2425,1.0546875
2426,1.09375
2427,1.0078125
2428,0.84375
2429,0.8359375
2430,0.9453125
2431,0.81640625
2432,0.8671875
2433,0.83984375
2434,0.84765625
2435,0.92578125
2436,0.83984375
2437,0.9296875
2438,0.8515625
2439,0.91015625
2440,0.84765625
2441,0.85546875
2442,0.84765625
2443,0.86328125
2444,0.890625
2445,0.9375
2446,0.85546875
2447,0.84765625
2448,0.8515625
2449,0.86328125
2450,0.84375
2451,0.83203125
2452,0.921875
2453,0.83984375
2454,0.88671875
2455,0.8359375
2456,0.85546875
2457,0.875
2458,0.8515625
2459,0.87109375
2460,0.83984375
2461,0.96875
2462,0.83203125
2463,0.828125
2464,0.84375
2465,0.87890625
2466,0.98828125
2467,0.9921875
2468,0.83984375
2469,0.8359375
2470,0.88671875
2471,0.890625
2472,0.8671875
2473,0.8671875
2474,0.875
2475,0.9765625
2476,1.0546875
2477,0.953125
2478,0.859375
2479,0.84375
2480,0.83203125
2481,0.84375
2482,0.828125
2483,0.94140625
2484,0.84765625
2485,0.8359375
2486,1.0078125
2487,0.828125
2488,0.859375
2489,0.8671875
2490,0.953125
2491,0.89453125
2492,0.8671875
2493,0.828125
2494,0.86328125
2495,0.8515625
2496,0.8671875
2497,0.87890625
2498,1.2109375
2499,0.8671875
2500,0.91796875
2501,0.8984375
2502,0.85546875
2503,0.9375
2504,0.859375
2505,0.83984375
2506,0.84375
2507,0.86328125
2508,0.9609375
2509,1.03125
2510,0.85546875
2511,0.8359375
2512,0.859375
2513,0.875
2514,1.125
2515,0.8984375
2516,1.03125
2517,0.87890625
2518,0.87109375
2519,0.890625
2520,0.85546875
2521,0.84765625
2522,0.92578125
2523,0.91015625
2524,0.90625
2525,0.86328125
2526,0.8984375
2527,1.109375
2528,0.84375
2529,0.88671875
2530,0.859375
2531,1.3046875
2532,0.8671875
2533,1.2578125
2534,0.81640625
2535,0.96875
2536,0.88671875
2537,0.8515625
2538,0.859375
2539,0.9609375
2540,0.9296875
2541,0.86328125
2542,0.93359375
2543,0.953125
2544,0.8515625
2545,0.93359375
2546,0.8671875
2547,0.81640625
2548,0.83203125
2549,0.86328125
2550,0.9453125
2551,0.87109375
2552,0.875
2553,0.83984375
2554,1.0390625
2555,0.83984375
2556,0.8515625
2557,0.96875
2558,0.859375
2559,0.875
2560,0.8671875
2561,0.8515625
2562,0.8828125
2563,0.8671875
2564,0.86328125
2565,0.85546875
2566,0.8984375
2567,0.84765625
2568,1.0390625
2569,0.92578125
2570,1.0234375
2571,0.88671875
2572,0.88671875
2573,0.8984375
2574,0.890625
2575,0.8125
2576,0.86328125
2577,2.15625
2578,0.84765625
2579,0.83984375
2580,0.84375
2581,0.859375
2582,0.83203125
2583,0.8671875
2584,1.0
2585,0.8671875
2586,0.9140625
2587,0.91015625
2588,0.8203125
2589,0.8515625
2590,0.8671875
2591,0.96484375
2592,0.80078125
2593,0.8359375
2594,0.8828125
2595,0.85546875
2596,0.90234375
2597,0.859375
2598,0.8515625
2599,0.8828125
2600,0.86328125
2601,0.8359375
2602,1.0078125
2603,0.83984375
2604,0.83203125
2605,0.85546875
2606,0.9765625
2607,0.859375
2608,0.81640625
2609,0.8515625
2610,0.9609375
2611,0.890625
2612,0.86328125
2613,0.83984375
2614,0.8203125
2615,0.890625
2616,0.91015625
2617,0.8515625
2618,0.94921875
2619,0.86328125
2620,1.234375
2621,0.8515625
2622,0.87890625
2623,0.9453125
2624,0.8515625
2625,0.81640625
2626,0.85546875
2627,0.96875
2628,0.87890625
2629,0.859375
2630,0.84765625
2631,1.6640625
2632,0.859375
2633,0.81640625
2634,0.90625
2635,0.81640625
2636,0.875
2637,0.84375
2638,0.90234375
2639,0.87890625
2640,0.87109375
2641,0.8671875
2642,0.8671875
2643,0.85546875
2644,0.828125
2645,0.8125
2646,1.0
2647,0.85546875
2648,0.87890625
2649,0.83984375
2650,0.83984375
2651,0.88671875
2652,0.9140625
2653,0.85546875
2654,0.90625
2655,0.89453125
2656,0.87890625
2657,0.8515625
2658,0.921875
2659,0.8515625
2660,0.8984375
2661,0.859375
2662,0.84765625
2663,0.9453125
2664,0.84765625
2665,0.87109375
2666,0.98046875
2667,0.87890625
2668,0.86328125
2669,0.85546875
2670,0.90625
2671,0.84375
2672,0.859375
2673,0.87890625
2674,0.875
2675,0.86328125
2676,0.8359375
2677,0.890625
2678,0.8984375
2679,0.83203125
2680,0.83203125
2681,0.92578125
2682,1.1171875
2683,0.859375
2684,0.90234375
2685,0.890625
2686,0.8828125
2687,0.86328125
